etablissements;missions;formule;CA_HT;cout_mensuel;resultat_mensuel;resultat_par_mission;taux_resultat_sur_CA_pct;meilleure_formule
10;0;19 €/mission;0;5265.3;-5265.3;;;False
10;0;299 €/établissement;2990;5265.3;-2275.3;;-76.0971;True
10;0;149 €/établissement + 9 €/mission;1490;5265.3;-3775.3;;-253.376;False
10;50;19 €/mission;950;5265.3;-4315.3;-86.306;-454.2423;False
10;50;299 €/établissement;2990;5265.3;-2275.3;-45.506;-76.0971;True
10;50;149 €/établissement + 9 €/mission;1940;5265.3;-3325.3;-66.506;-171.4073;False
10;100;19 €/mission;1900;5265.3;-3365.3;-33.653;-177.1212;False
10;100;299 €/établissement;2990;5265.3;-2275.3;-22.753;-76.0971;True
10;100;149 €/établissement + 9 €/mission;2390;5265.3;-2875.3;-28.753;-120.3055;False
10;200;19 €/mission;3800;5265.3;-1465.3;-7.3265;-38.5606;True
10;200;299 €/établissement;2990;5265.3;-2275.3;-11.3765;-76.0971;False
10;200;149 €/établissement + 9 €/mission;3290;5265.3;-1975.3;-9.8765;-60.0396;False
10;250;19 €/mission;4750;5265.3;-515.3;-2.0612;-10.8485;True
10;250;299 €/établissement;2990;5265.3;-2275.3;-9.1012;-76.0971;False
10;250;149 €/établissement + 9 €/mission;3740;5265.3;-1525.3;-6.1012;-40.7835;False
10;254;19 €/mission;4826;5265.3;-439.3;-1.7295;-9.1028;True
10;254;299 €/établissement;2990;5265.3;-2275.3;-8.9579;-76.0971;False
10;254;149 €/établissement + 9 €/mission;3776;5265.3;-1489.3;-5.8634;-39.4413;False
10;278;19 €/mission;5282;5265.3;16.7;0.0601;0.3161;True
10;278;299 €/établissement;2990;5265.3;-2275.3;-8.1845;-76.0971;False
10;278;149 €/établissement + 9 €/mission;3992;5265.3;-1273.3;-4.5802;-31.8963;False
10;298;19 €/mission;5662;5265.3;396.7;1.3312;7.0063;True
10;298;299 €/établissement;2990;5265.3;-2275.3;-7.6352;-76.0971;False
10;298;149 €/établissement + 9 €/mission;4172;5265.3;-1093.3;-3.6688;-26.2057;False
10;300;19 €/mission;5700;5265.3;434.7;1.449;7.6263;True
10;300;299 €/établissement;2990;5265.3;-2275.3;-7.5843;-76.0971;False
10;300;149 €/établissement + 9 €/mission;4190;5265.3;-1075.3;-3.5843;-25.6635;False
10;314;19 €/mission;5966;5265.3;700.7;2.2315;11.7449;True
10;314;299 €/établissement;;5265.3;;;;False
10;314;149 €/établissement + 9 €/mission;4316;5265.3;-949.3;-3.0233;-21.995;False
10;315;19 €/mission;5985;5265.3;719.7;2.2848;12.025;True
10;315;299 €/établissement;;5265.3;;;;False
10;315;149 €/établissement + 9 €/mission;4325;5265.3;-940.3;-2.9851;-21.7411;False
10;500;19 €/mission;9500;5265.3;4234.7;8.4694;44.5758;True
10;500;299 €/établissement;;5265.3;;;;False
10;500;149 €/établissement + 9 €/mission;5990;5265.3;724.7;1.4494;12.0985;False
10;600;19 €/mission;11400;5265.3;6134.7;10.2245;53.8131;True
10;600;299 €/établissement;;5265.3;;;;False
10;600;149 €/établissement + 9 €/mission;6890;5265.3;1624.7;2.7078;23.5805;False
10;750;19 €/mission;14250;5265.3;8984.7;11.9796;63.0505;True
10;750;299 €/établissement;;5265.3;;;;False
10;750;149 €/établissement + 9 €/mission;8240;5265.3;2974.7;3.9663;36.1007;False
10;1000;19 €/mission;19000;5265.3;13734.7;13.7347;72.2879;True
10;1000;299 €/établissement;;5265.3;;;;False
10;1000;149 €/établissement + 9 €/mission;10490;5265.3;5224.7;5.2247;49.8065;False
20;0;19 €/mission;0;5265.3;-5265.3;;;False
20;0;299 €/établissement;5980;5265.3;714.7;;11.9515;True
20;0;149 €/établissement + 9 €/mission;2980;5265.3;-2285.3;;-76.688;False
20;50;19 €/mission;950;5265.3;-4315.3;-86.306;-454.2423;False
20;50;299 €/établissement;5980;5265.3;714.7;14.294;11.9515;True
20;50;149 €/établissement + 9 €/mission;3430;5265.3;-1835.3;-36.706;-53.5074;False
20;100;19 €/mission;1900;5265.3;-3365.3;-33.653;-177.1212;False
20;100;299 €/établissement;5980;5265.3;714.7;7.147;11.9515;True
20;100;149 €/établissement + 9 €/mission;3880;5265.3;-1385.3;-13.853;-35.7037;False
20;200;19 €/mission;3800;5265.3;-1465.3;-7.3265;-38.5606;False
20;200;299 €/établissement;5980;5265.3;714.7;3.5735;11.9515;True
20;200;149 €/établissement + 9 €/mission;4780;5265.3;-485.3;-2.4265;-10.1528;False
20;250;19 €/mission;4750;5265.3;-515.3;-2.0612;-10.8485;False
20;250;299 €/établissement;5980;5265.3;714.7;2.8588;11.9515;True
20;250;149 €/établissement + 9 €/mission;5230;5265.3;-35.3;-0.1412;-0.675;False
20;254;19 €/mission;4826;5265.3;-439.3;-1.7295;-9.1028;False
20;254;299 €/établissement;5980;5265.3;714.7;2.8138;11.9515;True
20;254;149 €/établissement + 9 €/mission;5266;5265.3;0.7;0.0027;0.0133;False
20;278;19 €/mission;5282;5265.3;16.7;0.0601;0.3161;False
20;278;299 €/établissement;5980;5265.3;714.7;2.5709;11.9515;True
20;278;149 €/établissement + 9 €/mission;5482;5265.3;216.7;0.7795;3.9529;False
20;298;19 €/mission;5662;5265.3;396.7;1.3312;7.0063;False
20;298;299 €/établissement;5980;5265.3;714.7;2.3983;11.9515;True
20;298;149 €/établissement + 9 €/mission;5662;5265.3;396.7;1.3312;7.0063;False
20;300;19 €/mission;5700;5265.3;434.7;1.449;7.6263;False
20;300;299 €/établissement;5980;5265.3;714.7;2.3823;11.9515;True
20;300;149 €/établissement + 9 €/mission;5680;5265.3;414.7;1.3823;7.301;False
20;314;19 €/mission;5966;5265.3;700.7;2.2315;11.7449;False
20;314;299 €/établissement;5980;5265.3;714.7;2.2761;11.9515;True
20;314;149 €/établissement + 9 €/mission;5806;5265.3;540.7;1.722;9.3127;False
20;315;19 €/mission;5985;5265.3;719.7;2.2848;12.025;True
20;315;299 €/établissement;5980;5265.3;714.7;2.2689;11.9515;False
20;315;149 €/établissement + 9 €/mission;5815;5265.3;549.7;1.7451;9.4531;False
20;500;19 €/mission;9500;5265.3;4234.7;8.4694;44.5758;True
20;500;299 €/établissement;5980;5265.3;714.7;1.4294;11.9515;False
20;500;149 €/établissement + 9 €/mission;7480;5265.3;2214.7;4.4294;29.6083;False
20;600;19 €/mission;11400;5265.3;6134.7;10.2245;53.8131;True
20;600;299 €/établissement;5980;5265.3;714.7;1.1912;11.9515;False
20;600;149 €/établissement + 9 €/mission;8380;5265.3;3114.7;5.1912;37.1682;False
20;750;19 €/mission;14250;5265.3;8984.7;11.9796;63.0505;True
20;750;299 €/établissement;;5265.3;;;;False
20;750;149 €/établissement + 9 €/mission;9730;5265.3;4464.7;5.9529;45.8859;False
20;1000;19 €/mission;19000;5265.3;13734.7;13.7347;72.2879;True
20;1000;299 €/établissement;;5265.3;;;;False
20;1000;149 €/établissement + 9 €/mission;11980;5265.3;6714.7;6.7147;56.0492;False
40;0;19 €/mission;0;5265.3;-5265.3;;;False
40;0;299 €/établissement;11960;5265.3;6694.7;;55.9757;True
40;0;149 €/établissement + 9 €/mission;5960;5265.3;694.7;;11.656;False
40;50;19 €/mission;950;5265.3;-4315.3;-86.306;-454.2423;False
40;50;299 €/établissement;11960;5265.3;6694.7;133.894;55.9757;True
40;50;149 €/établissement + 9 €/mission;6410;5265.3;1144.7;22.894;17.858;False
40;100;19 €/mission;1900;5265.3;-3365.3;-33.653;-177.1212;False
40;100;299 €/établissement;11960;5265.3;6694.7;66.947;55.9757;True
40;100;149 €/établissement + 9 €/mission;6860;5265.3;1594.7;15.947;23.2463;False
40;200;19 €/mission;3800;5265.3;-1465.3;-7.3265;-38.5606;False
40;200;299 €/établissement;11960;5265.3;6694.7;33.4735;55.9757;True
40;200;149 €/établissement + 9 €/mission;7760;5265.3;2494.7;12.4735;32.1482;False
40;250;19 €/mission;4750;5265.3;-515.3;-2.0612;-10.8485;False
40;250;299 €/établissement;11960;5265.3;6694.7;26.7788;55.9757;True
40;250;149 €/établissement + 9 €/mission;8210;5265.3;2944.7;11.7788;35.8672;False
40;254;19 €/mission;4826;5265.3;-439.3;-1.7295;-9.1028;False
40;254;299 €/établissement;11960;5265.3;6694.7;26.3571;55.9757;True
40;254;149 €/établissement + 9 €/mission;8246;5265.3;2980.7;11.735;36.1472;False
40;278;19 €/mission;5282;5265.3;16.7;0.0601;0.3161;False
40;278;299 €/établissement;11960;5265.3;6694.7;24.0816;55.9757;True
40;278;149 €/établissement + 9 €/mission;8462;5265.3;3196.7;11.4989;37.7771;False
40;298;19 €/mission;5662;5265.3;396.7;1.3312;7.0063;False
40;298;299 €/établissement;11960;5265.3;6694.7;22.4654;55.9757;True
40;298;149 €/établissement + 9 €/mission;8642;5265.3;3376.7;11.3312;39.0731;False
40;300;19 €/mission;5700;5265.3;434.7;1.449;7.6263;False
40;300;299 €/établissement;11960;5265.3;6694.7;22.3157;55.9757;True
40;300;149 €/établissement + 9 €/mission;8660;5265.3;3394.7;11.3157;39.1997;False
40;314;19 €/mission;5966;5265.3;700.7;2.2315;11.7449;False
40;314;299 €/établissement;11960;5265.3;6694.7;21.3207;55.9757;True
40;314;149 €/établissement + 9 €/mission;8786;5265.3;3520.7;11.2124;40.0717;False
40;315;19 €/mission;5985;5265.3;719.7;2.2848;12.025;False
40;315;299 €/établissement;11960;5265.3;6694.7;21.253;55.9757;True
40;315;149 €/établissement + 9 €/mission;8795;5265.3;3529.7;11.2054;40.133;False
40;500;19 €/mission;9500;5265.3;4234.7;8.4694;44.5758;False
40;500;299 €/établissement;11960;5265.3;6694.7;13.3894;55.9757;True
40;500;149 €/établissement + 9 €/mission;10460;5265.3;5194.7;10.3894;49.6625;False
40;600;19 €/mission;11400;5265.3;6134.7;10.2245;53.8131;False
40;600;299 €/établissement;11960;5265.3;6694.7;11.1578;55.9757;True
40;600;149 €/établissement + 9 €/mission;11360;5265.3;6094.7;10.1578;53.6505;False
40;750;19 €/mission;14250;5265.3;8984.7;11.9796;63.0505;True
40;750;299 €/établissement;11960;5265.3;6694.7;8.9263;55.9757;False
40;750;149 €/établissement + 9 €/mission;12710;5265.3;7444.7;9.9263;58.5735;False
40;1000;19 €/mission;19000;5265.3;13734.7;13.7347;72.2879;True
40;1000;299 €/établissement;11960;5265.3;6694.7;6.6947;55.9757;False
40;1000;149 €/établissement + 9 €/mission;14960;5265.3;9694.7;9.6947;64.8041;False
